360,352,384,329,363,378,354,335,332,337,322,321,312,329,315,309,324,311,318,290,187,169,175,164,174,155,165,159,195,197,182,204,187,161,167,171,168,188,150,171,171,170,175,183,159,167,175,175,191,190,193,158,205,205,221,172,197,160,102,173,170,166,155,166,166,141,124,148,166,183,158,187,166,167,180,161,177,167,169,170,164,172,169,172,148,153,173,163,184,182,195,201,210,164,165,155,145,159,178,170,131,161,254,187,170,162,160,168,166,168,154,171,170,161,162,188,197,206,113,95,134,145,167,160,170,148,166
391,397,374,361,312,343,355,358,337,346,335,320,330,324,312,316,326,187,186,180,161,165,162,161,136,154,158,129,169,185,179,186,168,190,188,183,172,178,147,169,160,152,165,170,171,190,175,152,190,203,158,165,210,139,188,173,179,190,166,184,154,165,161,131,149,168,178,163,180,191,165,171,188,177,184,193,201,167,164,172,158,158,159,179,170,170,217,189,198,252,204,157,169,169,162,164,214,148,167,160,156,198,165,171,161,166,194,166,165,192,62,162,162,182,175,168,99,131,134,152,161,178,167,167,170,172,168
186,166,154,167,181,149,161,214,168,188,190,162,179,164,129,185,178,174,162,163,158,154,189,170,178,159,163,161,164,183,177,165,143,164,239,194,197,160,157,164,189,170,196,164,179,172,184,157,197,183,185,165,196,184,183,164,181,163,157,159,157,123,174,165,168,162,197,170,167,160,190,169,176,167,176,157,146,194,201,169,172,166,192,174,140,155,170,173,191,172,199,150,191,177,173,215,138,199,148,153,163,167,171,203,166,188,195,311,324,309,316,310,328,316,331,331,335,335,368,339,347,338,306,410,435,425,439
375,431,336,380,353,354,347,356,334,333,318,324,313,334,330,320,311,197,182,189,178,167,172,167,163,154,152,134,199,213,213,198,163,199,195,207,169,157,162,182,166,143,159,134,161,175,170,184,160,170,204,183,163,181,160,199,191,206,164,173,218,155,162,167,161,168,157,171,155,154,157,186,188,171,204,192,189,161,165,150,146,165,165,176,184,155,171,155,198,163,156,162,157,177,167,165,160,139,161,175,167,183,186,169,160,176,206,165,168,171,191,166,155,188,186,129,161,158,157,171,170,189,190,175,175,212,153
203,163,192,172,177,164,154,148,143,160,179,173,180,160,166,172,156,162,183,160,169,163,154,164,145,159,189,160,161,170,174,149,155,163,132,227,228,167,168,186,189,168,177,160,174,162,162,188,195,185,182,169,172,156,168,165,167,149,172,157,183,166,164,163,180,168,168,145,150,158,166,175,193,178,157,165,151,174,169,164,150,144,134,163,111,153,226,193,210,205,202,153,148,195,181,211,146,135,136,151,165,161,215,164,170,194,201,204,321,314,325,318,328,314,331,356,314,355,387,353,369,379,386,396,420,355,379
406,344,355,379,412,360,351,353,352,343,336,341,331,330,331,324,200,320,196,205,196,178,177,163,157,154,150,155,137,227,220,152,161,154,202,173,210,214,210,232,226,112,129,156,151,165,168,175,184,133,188,172,207,155,164,170,168,158,158,162,169,187,159,174,182,195,162,185,161,178,168,168,166,158,180,194,189,148,160,168,175,155,166,170,186,178,169,167,173,104,119,142,147,144,158,173,160,180,172,151,154,174,162,166,185,167,178,167,156,158,159,172,172,130,165,137,139,150,148,165,180,189,186,197,164,209,211
169,196,183,177,179,164,162,149,140,128,130,169,162,179,188,164,157,158,170,166,161,150,156,160,116,187,184,169,165,155,166,191,171,187,176,166,163,173,168,185,189,176,171,184,179,166,167,160,230,168,212,160,201,160,154,162,153,190,192,175,173,166,159,174,175,167,159,165,165,161,147,209,167,169,155,186,188,171,173,153,160,146,133,226,88,227,226,212,213,171,174,158,160,182,179,214,159,152,157,134,183,158,325,173,323,208,210,330,321,332,332,352,335,352,349,325,332,421,327,332,398,379,416,435,430,409,390
410,404,354,374,370,420,340,364,354,333,335,346,352,316,335,333,329,346,328,318,182,185,160,318,148,162,134,148,153,165,158,171,152,174,163,183,184,224,226,166,225,89,108,145,162,166,166,179,174,146,187,160,169,138,169,163,155,197,167,188,170,166,189,171,168,190,194,161,159,158,148,196,169,212,178,192,193,244,164,126,169,154,164,160,168,174,174,190,160,190,192,175,170,172,160,154,168,181,184,201,164,164,148,190,163,134,174,162,168,188,171,98,164,163,167,131,137,156,164,166,169,176,165,193,164,161,157
173,178,156,168,173,163,170,163,141,131,112,159,182,189,190,176,163,160,203,160,194,160,161,115,158,172,112,180,153,155,186,111,164,205,159,171,189,160,163,169,168,167,159,141,183,162,170,147,160,213,215,219,160,197,168,163,177,159,161,148,58,161,209,157,156,171,167,185,185,160,165,170,164,160,160,150,167,178,156,164,146,161,163,228,107,223,232,188,141,157,162,165,155,164,146,166,165,148,175,162,169,237,171,309,324,329,327,329,329,331,337,337,329,331,336,328,339,358,350,415,439,314,399,411,424,425,302
313,318,373,348,400,373,370,344,336,347,335,333,330,333,334,336,334,335,328,329,326,334,330,258,253,172,160,162,165,180,168,155,159,187,177,156,150,181,176,163,226,112,166,149,143,153,145,165,166,146,159,163,161,134,187,169,183,196,187,173,185,166,160,157,161,67,164,185,182,146,177,153,160,184,217,161,165,90,160,111,160,148,152,165,152,175,173,182,159,201,160,210,164,160,222,234,226,169,167,161,123,158,155,176,170,158,149,145,180,175,164,174,159,175,172,135,136,151,159,161,157,174,170,180,177,205,161
185,169,161,171,171,153,162,141,133,129,118,117,130,153,210,167,165,162,142,133,177,167,169,149,152,163,114,2,80,225,165,158,160,204,202,187,189,170,177,169,164,152,141,136,122,168,155,168,170,202,190,166,169,167,160,117,161,169,39,163,227,206,153,161,169,189,186,171,178,169,192,174,174,165,212,149,179,164,161,152,157,131,149,105,85,161,232,172,165,192,150,157,161,161,187,177,177,160,271,176,174,329,331,275,331,328,331,330,339,335,347,355,328,353,339,353,343,355,302,339,388,388,437,336,422,405,406
425,407,391,389,339,397,353,371,353,350,352,337,351,340,336,343,331,346,331,337,329,319,182,334,178,171,162,180,166,157,153,158,158,154,200,168,161,174,184,173,154,153,121,122,152,132,169,147,158,200,172,132,179,147,163,162,173,186,185,168,166,154,206,212,206,160,224,167,160,173,166,150,167,161,185,169,161,107,163,170,61,128,156,124,161,159,164,179,184,193,189,207,163,214,221,231,223,78,143,148,158,158,159,174,178,152,165,158,163,170,172,190,162,164,168,179,134,143,147,162,166,174,160,189,183,157,153
183,186,162,172,166,165,153,135,164,133,182,163,188,185,183,169,173,170,160,165,163,178,157,162,168,157,168,142,233,223,225,204,203,189,193,169,184,169,175,163,155,171,167,134,109,159,172,206,208,186,194,145,183,150,164,162,161,170,170,163,189,207,207,189,193,160,181,173,167,153,161,151,129,121,112,188,196,154,158,155,171,165,160,161,132,188,195,184,193,164,168,167,171,140,153,175,175,270,277,159,171,314,339,276,319,309,344,350,344,332,337,355,347,357,369,353,351,354,354,405,390,437,376,354,405,436,434
431,398,319,359,334,373,395,364,334,374,373,352,373,323,334,345,349,349,350,342,305,321,315,335,274,277,171,297,167,179,164,137,155,136,164,162,191,166,169,102,128,148,142,160,157,164,142,85,161,111,118,115,125,151,149,176,167,177,181,185,185,204,157,219,207,174,161,172,167,171,166,154,158,181,184,168,189,188,164,164,118,170,155,134,146,159,165,172,164,183,184,201,202,216,207,226,224,169,160,134,148,153,160,164,178,180,161,177,173,169,182,185,191,169,157,171,133,77,150,147,156,160,161,172,166,192,189
204,166,168,147,134,161,159,160,152,209,208,187,159,183,180,158,188,167,164,171,158,168,167,167,146,133,158,227,236,207,221,203,201,195,160,176,162,178,173,162,156,129,132,159,159,145,194,184,160,169,156,174,169,163,163,187,159,168,186,162,173,163,155,188,200,187,183,183,166,155,159,142,151,168,132,145,108,155,110,146,168,152,141,145,161,100,183,159,186,139,153,140,160,149,165,195,169,179,189,278,290,291,291,331,325,348,324,349,312,356,350,351,351,352,352,357,357,358,370,393,412,401,379,437,419,411,384
376,373,353,352,392,369,357,347,352,355,351,400,350,357,354,353,315,346,351,311,348,340,329,203,199,195,273,184,180,170,160,159,157,146,145,173,179,157,176,177,160,147,153,160,163,169,154,133,187,157,206,157,144,143,152,163,167,170,187,179,185,202,160,171,167,182,166,179,156,164,159,163,167,153,167,156,174,188,169,151,160,117,167,161,145,149,161,177,168,190,188,197,194,178,205,222,222,238,158,154,157,159,155,149,164,143,163,175,153,161,165,192,162,161,162,173,173,188,159,168,162,141,161,176,156,209,162
171,162,131,162,164,161,188,182,177,167,161,164,196,188,182,171,182,153,156,160,136,163,128,167,167,163,235,224,228,184,214,164,175,197,186,157,165,157,173,150,165,128,149,155,179,190,197,172,190,168,151,159,168,159,165,161,184,170,171,159,153,206,206,189,180,167,169,170,152,163,156,148,134,165,172,168,161,123,150,184,171,166,171,146,109,152,175,184,160,148,152,167,183,159,167,174,174,179,280,203,205,309,324,326,320,352,330,352,354,355,349,352,354,354,346,337,369,353,383,409,388,389,410,374,402,403,358
426,354,410,392,335,359,394,361,386,357,353,360,312,360,376,369,350,362,351,332,370,335,299,322,201,290,293,296,290,188,164,161,161,162,144,150,156,123,166,172,176,153,156,146,157,174,190,143,146,148,140,172,172,155,153,167,145,182,159,169,168,135,158,155,189,170,172,169,183,150,155,186,161,159,155,157,174,177,162,134,178,150,152,132,143,168,160,171,172,166,161,176,167,182,174,219,188,116,227,163,147,111,169,162,142,152,159,171,174,179,169,146,192,152,159,165,168,165,155,165,182,140,159,174,156,172,178
147,148,154,187,176,168,164,161,167,165,162,165,146,146,161,168,174,164,156,148,142,168,164,189,190,59,175,246,200,152,190,174,152,171,161,153,166,169,164,170,153,168,177,161,144,185,183,180,159,153,164,167,171,166,165,164,181,166,179,153,179,187,160,170,178,165,184,171,168,165,160,146,171,155,161,151,142,167,149,159,165,147,141,147,161,165,170,167,159,150,167,168,175,161,177,178,290,284,293,295,307,353,303,378,335,322,327,362,359,353,346,325,334,336,359,358,387,381,343,394,388,348,377,381,401,380,403
323,420,421,390,435,370,372,352,352,365,390,360,333,336,333,401,373,361,370,328,330,301,297,306,307,297,290,296,201,196,181,185,154,154,162,158,170,137,155,98,104,133,142,164,167,160,164,167,131,144,165,176,168,177,162,154,168,158,156,168,177,147,149,178,170,163,153,176,171,202,159,180,163,163,167,103,161,168,168,149,158,154,177,183,184,147,152,175,164,164,164,179,167,189,186,204,204,160,164,122,191,107,163,107,165,163,153,138,160,161,159,160,143,132,154,136,153,151,160,166,169,127,158,158,157,157,161
153,153,185,169,177,159,154,146,158,147,162,156,153,158,131,151,117,168,180,150,141,160,166,110,156,158,149,206,207,189,192,183,181,165,167,163,194,182,181,188,165,159,163,148,133,129,158,161,138,223,162,157,213,164,162,183,159,166,200,157,188,168,167,173,147,193,207,153,145,185,187,165,172,167,159,163,137,162,166,146,163,151,149,140,125,103,143,143,158,172,155,159,195,160,174,196,296,277,300,304,304,370,311,332,339,389,341,371,375,392,378,359,352,376,363,376,350,365,349,333,425,358,396,438,396,418,390
422,409,374,389,356,389,347,357,397,356,371,351,351,434,372,340,373,335,393,339,348,344,346,312,314,304,279,279,292,216,197,157,191,180,177,161,153,146,142,125,116,150,139,138,157,175,164,176,178,147,165,153,176,181,182,133,148,154,150,171,157,163,155,149,154,188,189,182,169,188,161,201,168,168,162,158,163,158,155,168,164,158,162,154,169,183,152,186,184,163,163,179,168,185,184,206,201,163,142,167,159,160,122,160,162,167,180,187,185,158,126,152,156,161,162,176,163,175,155,174,161,164,161,167,214,157,160
165,167,167,149,152,163,156,161,182,169,163,150,159,145,118,163,160,169,170,160,128,159,172,157,158,168,174,164,150,183,184,169,177,167,165,183,157,165,163,172,135,161,115,170,117,152,161,159,154,159,220,152,208,156,198,167,183,167,165,150,149,147,184,150,169,157,159,156,127,144,187,173,157,156,164,225,228,171,169,158,171,131,135,131,120,168,164,157,156,163,170,177,170,197,223,235,284,307,316,309,332,312,345,315,320,356,343,316,343,330,358,348,317,354,383,376,358,378,393,354,406,333,394,408,352,115,406
410,401,394,376,427,430,371,420,427,412,353,433,353,419,411,343,333,347,379,369,315,342,335,359,350,316,310,287,234,207,215,190,162,162,158,157,160,161,156,165,113,149,148,155,158,162,182,169,169,231,228,152,165,169,165,197,127,143,160,171,168,148,184,176,153,168,167,186,184,168,176,186,186,215,166,226,235,63,162,156,147,152,151,163,146,149,159,157,160,158,172,183,156,188,180,187,162,154,160,166,180,184,157,117,128,148,157,146,159,163,167,179,160,162,171,184,185,160,164,145,155,175,180,145,165,176,166
181,157,146,170,156,161,155,157,201,183,185,176,203,168,192,162,44,174,144,154,135,162,163,169,185,163,180,159,153,227,191,182,155,163,189,163,158,154,166,145,125,125,166,157,136,123,160,159,164,232,176,164,160,168,181,192,196,183,162,176,164,166,193,148,184,150,155,166,162,189,158,153,163,146,169,228,156,160,202,178,171,161,174,150,161,132,181,165,153,157,173,156,171,171,234,302,256,255,264,309,319,328,340,359,332,312,352,353,350,357,350,371,352,356,353,387,376,391,388,390,374,404,366,433,422,410,429
423,404,410,375,374,419,393,368,378,365,352,370,438,359,353,388,350,362,360,356,348,346,331,318,315,310,297,319,235,299,178,165,162,181,174,149,147,165,176,159,158,146,106,156,143,144,152,148,149,151,140,145,164,149,156,173,163,180,162,182,170,191,187,181,151,166,165,189,186,215,163,187,157,179,170,166,161,170,181,162,157,149,164,117,126,175,143,159,160,177,161,181,170,159,163,148,160,168,162,165,163,180,182,195,159,167,149,172,158,177,170,156,159,163,180,181,188,151,159,157,167,157,158,169,168,149,162
183,157,171,169,135,169,165,150,144,196,167,160,153,186,187,181,164,157,159,165,164,182,185,170,163,163,156,154,161,157,204,160,191,184,174,162,158,165,163,163,159,111,99,151,170,185,184,171,178,158,162,201,192,145,156,209,178,166,167,166,164,154,206,189,190,175,192,171,201,177,176,136,142,155,157,161,155,206,209,150,158,159,160,135,152,157,166,164,166,160,159,155,219,230,232,234,306,315,320,313,316,338,331,299,345,355,350,324,323,357,372,319,353,378,378,398,372,382,421,345,415,409,440,435,426,377,344
419,392,368,435,425,433,389,425,410,416,373,365,353,366,353,354,355,384,337,307,309,352,337,285,314,333,316,314,315,241,231,223,274,180,159,162,168,180,165,150,148,160,161,180,157,154,136,169,155,173,152,187,139,144,133,184,196,212,210,189,197,203,165,133,163,184,162,202,166,185,183,167,149,212,158,220,180,55,165,160,165,173,91,154,143,164,155,154,160,163,162,182,182,206,202,131,160,138,159,158,155,167,170,145,150,199,163,179,177,179,182,185,158,166,153,141,158,165,155,153,161,151,160,166,169,197,159
191,162,161,160,142,165,170,151,167,159,148,154,161,153,132,158,190,170,174,161,158,161,185,169,169,157,153,138,135,121,126,188,169,166,160,149,140,164,137,147,138,128,115,151,164,151,169,166,158,158,152,204,147,188,170,158,159,168,170,159,152,145,140,227,111,207,210,188,243,247,250,152,255,183,149,148,147,158,158,150,147,139,161,178,149,144,186,173,180,162,161,177,199,295,322,297,285,319,293,331,336,335,298,335,314,327,346,337,342,371,331,333,387,392,408,362,381,375,418,441,435,437,368,382,427,434,378
425,433,438,397,385,414,392,427,357,426,441,393,377,371,375,364,376,348,337,337,357,374,335,326,295,294,296,293,297,295,316,313,197,200,163,168,171,185,174,163,152,171,160,146,154,133,158,153,168,183,186,148,208,271,250,229,213,225,210,145,105,125,145,160,165,152,163,167,159,163,158,184,156,166,161,164,168,163,165,148,152,110,111,114,144,145,151,145,143,156,151,177,169,169,160,134,156,158,162,180,163,157,189,195,157,159,162,158,162,147,159,160,166,144,158,145,149,129,161,133,156,161,154,185,183,173,185
160,167,167,155,160,162,150,123,123,182,185,203,169,163,159,118,125,158,129,157,154,184,185,157,165,183,186,178,154,155,119,159,165,158,168,144,162,167,167,156,150,159,87,87,286,5,68,149,185,165,155,154,161,188,229,162,192,168,181,154,153,156,141,118,156,133,149,248,160,265,245,224,146,155,159,165,175,157,167,146,142,162,140,168,168,155,153,186,187,173,177,194,312,312,317,314,301,317,321,316,382,338,342,338,339,293,338,354,398,374,366,354,351,371,397,414,365,365,352,418,438,440,407,390,393,375,437
408,414,363,401,438,394,409,374,377,393,385,393,380,326,405,374,370,408,337,352,355,353,316,329,335,331,336,307,344,338,332,325,317,207,176,187,187,157,153,223,151,134,157,133,165,161,140,176,161,127,161,171,203,231,223,269,265,164,164,123,155,127,137,140,160,161,164,172,159,167,163,154,159,162,156,167,165,231,196,157,322,107,90,141,150,122,174,155,165,166,157,160,161,104,168,142,157,175,181,192,186,156,163,181,182,243,201,217,160,159,155,162,159,154,165,94,124,139,155,171,151,168,154,157,160,183,165
159,155,148,149,155,174,163,126,106,104,152,156,146,149,138,165,165,153,148,187,191,179,183,159,165,190,145,172,168,124,125,159,155,156,169,161,135,151,186,215,66,149,80,326,76,160,165,183,160,161,164,157,164,198,191,162,182,168,166,164,159,159,139,149,118,137,161,154,85,243,167,223,191,171,207,146,142,149,168,158,150,140,147,141,159,145,207,202,196,188,196,192,301,309,326,327,353,326,314,337,331,332,340,338,356,323,331,382,366,331,422,419,343,434,344,400,396,394,438,379,338,414,399,418,382,96,98
440,423,407,395,426,400,407,386,410,356,410,360,390,385,369,372,417,374,342,372,413,307,333,360,332,340,331,310,320,316,295,301,195,205,190,205,202,295,288,175,140,157,145,160,153,152,172,155,160,180,201,209,206,156,225,253,162,100,155,158,122,141,140,158,152,163,163,154,200,214,170,160,201,163,164,124,166,152,253,86,139,148,159,389,77,90,132,150,144,52,171,143,154,84,124,160,160,145,142,160,173,159,181,199,196,155,153,163,163,190,198,207,155,3,91,166,103,134,156,158,145,166,156,188,159,158,168
174,182,183,174,156,154,123,136,122,162,163,157,157,162,212,181,179,161,162,157,210,159,187,160,168,155,166,152,167,153,80,106,130,88,121,166,168,156,162,161,158,69,342,315,304,61,17,186,66,161,170,204,210,186,189,180,177,179,180,163,165,149,161,138,161,154,156,69,50,223,231,220,212,184,167,148,175,191,155,139,148,130,125,154,152,138,295,270,321,206,210,210,309,322,318,314,320,353,316,317,348,317,291,301,377,380,332,374,361,390,378,433,386,412,364,375,435,412,358,413,385,431,419,362,385,349,428
425,377,395,377,362,389,421,388,410,328,407,424,424,350,420,326,358,352,394,352,332,326,351,335,344,315,338,300,318,307,317,323,213,215,211,324,207,278,285,157,152,159,161,140,148,126,159,148,148,211,169,185,185,222,227,149,77,114,159,133,166,157,154,168,162,179,159,185,170,186,183,211,227,174,224,157,152,149,159,428,193,259,153,154,157,27,3,101,172,157,87,35,149,135,142,160,153,157,161,156,174,168,164,157,163,155,201,178,177,186,158,172,170,149,161,153,152,112,111,152,164,165,179,170,164,181,180
205,161,189,166,167,162,162,112,170,155,143,152,160,157,147,165,168,163,164,158,191,180,182,164,167,155,166,167,139,153,139,100,122,120,80,75,157,152,151,166,170,154,152,160,160,7,141,161,152,164,154,224,225,205,210,199,202,161,159,171,144,163,157,142,146,137,134,119,161,162,164,224,232,223,228,209,213,163,165,151,143,135,159,149,173,153,175,282,279,223,216,215,224,299,312,324,284,337,356,321,353,352,339,355,354,332,392,331,363,402,343,410,433,431,399,389,340,392,419,397,364,411,399,419,397,426,370
54,435,399,435,410,363,343,342,411,422,418,348,354,411,386,424,365,362,428,363,350,360,355,305,297,357,339,334,338,333,317,312,337,326,337,306,301,301,177,158,180,154,158,162,141,137,165,195,197,227,230,226,245,235,242,82,103,135,124,113,143,155,151,134,154,163,163,164,166,206,204,215,222,229,224,162,149,163,137,139,159,154,158,160,165,158,179,159,163,174,59,2,110,115,90,154,168,112,141,129,158,159,177,188,185,203,202,163,160,141,145,161,149,173,166,190,188,163,154,174,160,185,186,151,151,156,181
144,160,162,184,162,173,157,161,165,183,154,172,165,154,181,149,152,159,152,183,159,164,161,163,153,143,124,163,157,154,158,154,131,171,97,149,21,366,95,164,167,165,165,154,155,142,129,1,193,156,171,225,225,153,216,161,208,178,154,150,152,161,169,156,158,146,160,137,138,158,89,225,109,226,235,234,148,115,153,144,138,162,164,169,171,166,168,296,304,334,334,335,355,358,324,316,336,340,319,316,362,402,375,353,403,360,376,396,429,441,348,361,421,402,434,397,439,373,330,383,416,391,385,377,97,99,102
377,417,411,116,411,410,384,105,378,347,441,436,389,431,351,388,394,373,379,356,339,372,378,374,298,353,336,342,337,320,294,336,296,335,296,337,346,301,170,184,180,179,161,147,161,175,150,151,148,134,249,251,245,64,73,85,138,163,152,169,167,159,153,146,158,189,199,186,210,150,154,228,223,237,163,150,162,116,114,155,143,148,156,154,125,260,207,165,214,182,113,332,118,157,154,155,162,171,158,146,153,169,159,180,151,172,167,191,152,171,167,155,150,163,153,158,158,166,163,156,179,155,166,206,210,160,165
162,165,132,157,122,182,181,163,160,159,156,156,164,144,162,162,162,161,146,170,160,158,144,160,142,109,107,151,163,161,141,156,127,108,15,187,92,235,291,188,90,152,178,159,182,164,165,395,191,242,246,240,164,230,157,151,216,164,160,199,193,147,152,137,136,165,154,150,132,79,109,82,149,110,151,164,158,151,173,161,157,152,189,173,170,210,215,215,297,236,237,333,245,338,321,319,341,318,348,330,362,362,419,333,425,381,375,379,337,383,315,386,435,430,437,416,363,109,118,361,409,113,425,20,107,424,423
107,53,369,421,371,433,364,415,380,437,441,428,402,418,333,382,332,365,391,371,360,414,377,370,352,371,339,340,375,328,290,339,352,243,302,310,315,300,195,160,162,196,191,148,156,182,167,167,166,133,149,149,149,133,95,81,140,151,147,175,167,154,149,175,196,212,209,134,145,228,229,152,152,157,177,185,182,156,173,159,161,177,179,186,183,202,156,148,28,53,63,391,51,89,155,212,156,108,122,149,161,151,155,155,161,180,162,166,169,184,152,155,157,146,149,158,162,188,152,163,165,173,163,165,151,155,160
164,141,163,163,188,185,158,184,171,184,163,164,158,144,199,182,154,163,163,159,169,164,163,145,151,155,157,121,295,164,135,82,313,399,66,148,162,160,161,152,193,170,171,172,168,155,158,185,188,244,200,162,156,150,148,162,155,142,153,165,161,164,155,163,156,164,162,160,148,160,145,140,159,127,157,136,148,169,171,146,175,140,154,197,169,209,220,236,303,311,307,258,306,312,316,337,337,315,341,359,317,364,386,342,394,340,386,322,370,382,417,431,332,398,398,316,412,106,365,389,435,179,71,69,74,79,105
80,87,427,75,39,410,378,366,109,367,319,432,402,426,441,430,413,425,388,434,403,404,403,339,396,365,354,342,355,316,313,261,320,263,311,249,247,230,213,207,174,157,155,146,177,182,173,145,146,164,130,122,150,152,145,164,150,160,164,185,139,135,160,159,159,181,181,153,158,168,165,155,154,156,207,184,182,106,155,161,154,141,174,160,158,157,324,167,156,210,185,172,4,65,88,152,115,109,156,131,154,150,162,163,164,182,100,156,153,162,163,125,154,128,161,177,164,197,199,200,204,194,196,125,156,162,156
174,151,150,205,206,186,191,166,173,163,161,145,144,163,148,162,156,154,144,157,201,161,180,154,146,140,121,119,107,154,157,148,163,351,190,181,179,164,167,156,143,150,158,155,165,160,155,158,162,165,196,168,219,156,155,144,144,184,187,167,169,153,152,165,160,144,150,164,163,161,146,152,150,111,154,118,131,156,153,161,169,148,165,156,169,185,231,307,278,356,328,312,321,316,307,345,320,317,351,376,384,363,386,440,360,421,355,356,424,316,383,407,438,441,410,378,363,436,381,417,430,72,93,83,102,98,102
94,96,92,78,71,438,102,115,110,403,426,410,439,437,380,394,338,368,356,337,320,348,364,357,336,356,338,333,332,311,273,321,333,323,330,257,330,230,329,152,213,162,162,152,153,150,156,144,119,157,138,155,145,154,158,176,157,132,136,152,149,169,160,162,162,177,226,154,146,163,163,165,135,159,160,133,219,161,160,177,161,169,162,147,156,165,165,138,169,158,184,207,1,150,86,94,117,363,118,160,152,148,167,185,184,138,161,154,162,119,150,174,139,142,156,165,176,172,168,169,161,204,198,163,171,160,147
121,163,158,167,171,155,154,164,172,149,147,147,160,127,120,169,182,155,150,161,156,190,184,156,167,161,144,148,103,110,142,269,212,148,95,160,193,181,183,150,155,154,151,184,168,171,158,161,181,161,124,156,154,148,198,205,185,182,169,160,163,185,178,165,147,146,136,161,157,175,164,160,146,141,125,130,122,133,145,160,161,162,173,169,168,180,183,309,324,312,322,329,270,284,336,330,337,321,300,358,348,381,359,384,362,406,438,335,373,440,383,436,405,405,407,110,108,107,424,74,85,70,96,98,101,107,105
106,109,108,387,441,176,91,98,117,106,346,440,374,433,369,430,428,412,351,344,397,359,378,351,378,348,338,330,295,291,358,346,354,330,328,349,374,284,175,183,178,181,172,169,157,152,150,153,152,128,156,153,149,162,161,174,159,150,146,130,152,159,184,162,162,145,170,189,184,130,234,108,159,167,164,176,159,154,156,185,185,155,150,137,161,171,162,157,159,203,203,51,155,73,93,94,137,134,157,165,165,131,158,158,162,181,182,175,179,158,136,144,146,168,178,164,163,178,168,154,163,184,183,110,165,154,157
143,168,170,150,160,163,158,156,148,163,160,149,154,162,152,155,126,112,152,162,161,158,139,139,128,154,118,137,427,77,93,9,337,201,190,168,171,161,161,162,161,157,129,157,198,179,186,154,160,138,149,163,152,225,110,159,107,186,190,164,151,223,146,162,150,141,165,159,183,178,173,146,150,140,134,129,145,146,149,154,169,172,179,183,185,189,193,267,317,285,299,327,277,356,297,329,278,338,340,380,316,404,395,406,394,361,378,367,378,405,390,398,328,436,440,108,106,101,429,74,399,68,98,101,116,115,115
115,440,379,1,399,404,386,384,104,109,127,439,441,391,352,354,364,440,441,409,359,398,396,369,289,359,342,346,360,267,386,284,287,345,353,287,328,200,193,193,189,192,188,164,161,162,164,153,145,133,154,149,157,114,154,149,176,158,168,164,164,209,220,162,162,190,205,158,163,153,107,127,186,131,159,162,160,181,183,198,200,206,147,162,160,182,182,177,170,86,187,208,71,285,78,169,367,108,121,120,124,142,135,164,101,106,112,153,110,151,136,144,156,165,164,136,135,164,161,157,153,167,164,178,157,167,150
163,163,158,156,164,157,174,160,155,142,173,162,152,151,162,160,142,159,154,164,154,101,144,129,109,107,107,100,91,201,367,161,193,155,324,157,166,163,152,162,176,201,218,183,201,161,184,181,184,167,159,158,159,128,144,140,141,185,110,225,168,160,152,127,152,183,156,172,184,148,148,151,114,126,125,133,153,141,159,151,159,172,179,195,197,202,205,209,286,331,299,308,298,364,341,314,388,360,359,378,300,396,346,344,366,360,384,361,386,415,328,351,398,126,126,110,105,100,423,96,105,437,426,69,88,126,117
90,141,55,128,115,104,438,432,102,120,109,123,436,405,425,346,360,354,354,436,378,334,341,346,317,362,292,369,295,358,356,315,345,332,346,271,214,211,210,205,195,202,204,186,178,149,157,157,152,140,121,137,131,135,152,138,197,183,161,143,144,147,145,166,163,135,183,148,138,133,155,150,151,161,164,156,159,172,180,165,184,185,200,203,160,235,152,161,160,235,183,205,85,157,110,156,89,65,114,109,124,130,140,148,162,171,179,183,137,158,161,149,115,165,162,159,157,154,161,155,158,152,179,154,149,150,155
168,154,181,164,169,161,147,158,187,154,166,159,154,149,151,160,149,164,179,171,184,152,142,140,148,111,149,116,141,152,108,165,168,153,163,159,176,162,199,223,203,207,195,184,186,161,165,185,165,157,159,162,167,154,149,119,165,157,154,159,142,166,142,170,164,159,188,180,179,152,155,142,132,134,128,148,174,160,170,149,190,190,195,203,201,211,212,213,218,297,304,270,355,329,313,294,301,361,389,320,324,315,367,362,323,390,383,359,373,399,429,340,411,125,120,109,404,92,104,98,120,411,432,172,93,94,88
97,97,92,77,361,414,103,431,361,414,124,418,109,430,359,437,381,399,393,325,316,345,335,432,316,326,295,322,340,310,362,356,395,400,298,295,215,218,214,212,209,213,209,157,157,176,172,157,186,150,140,139,151,139,145,163,172,176,154,186,185,212,203,163,156,155,169,153,116,140,156,144,145,134,155,164,166,155,203,187,188,191,203,208,219,171,224,147,208,156,412,166,155,156,149,164,161,135,150,159,157,137,165,156,155,169,168,152,157,167,140,152,182,156,166,166,184,134,150,164,161,178,171,151,164,148,168
182,168,176,154,156,185,185,166,168,163,151,154,157,145,145,160,191,164,163,163,158,158,145,165,167,153,160,140,138,137,137,107,159,163,166,1,149,161,164,222,221,209,151,200,191,182,166,147,150,167,152,161,145,162,166,153,151,168,157,161,68,224,210,183,195,154,181,172,127,166,148,128,158,144,161,174,162,166,169,181,179,173,202,219,214,219,217,221,222,318,311,297,269,339,293,316,324,380,299,320,324,439,326,320,369,322,378,367,396,397,431,388,438,138,435,393,98,97,388,406,42,19,105,435,70,92,91
72,76,433,402,107,113,435,152,108,403,400,418,392,426,395,409,415,367,439,363,407,398,342,427,325,359,321,335,357,267,340,358,319,313,318,229,230,226,219,225,223,198,173,189,177,186,170,183,181,159,142,147,137,151,148,124,164,143,146,188,160,203,206,209,244,159,159,129,157,152,165,181,134,143,146,167,143,155,169,171,186,156,209,155,223,164,168,187,183,161,201,172,175,185,115,158,149,106,156,169,149,137,156,170,165,174,179,185,187,128,154,163,161,134,154,165,162,174,183,146,158,148,173,160,166,178,143
176,150,151,157,155,185,184,179,172,160,150,141,141,160,148,140,128,183,183,170,155,168,170,142,109,154,109,138,165,159,158,183,65,176,183,202,192,182,185,163,163,153,168,148,150,168,151,159,159,161,165,141,131,146,111,153,147,137,149,158,164,141,146,162,167,165,167,149,157,113,151,142,130,156,175,158,165,188,192,194,192,193,196,196,205,213,228,234,232,244,285,319,300,319,355,317,320,316,345,319,389,356,429,317,421,376,390,368,333,364,421,430,435,428,369,96,108,97,107,33,107,430,438,68,169,95,89
166,83,151,146,419,98,108,107,366,115,102,416,4,402,420,440,339,392,432,338,359,334,329,372,338,417,339,323,340,283,316,295,317,244,236,239,236,237,229,228,195,202,193,191,198,210,191,182,162,159,183,156,152,144,148,152,141,157,164,171,183,134,144,161,160,115,139,141,155,105,160,144,144,150,159,163,164,157,148,165,144,170,154,186,182,178,179,189,193,172,178,188,185,118,137,131,150,161,93,109,115,131,154,158,158,163,170,166,115,155,153,153,149,150,155,167,171,183,188,194,140,138,148,150,152,166,166
159,144,137,141,169,160,166,179,167,164,162,156,146,153,137,153,108,165,167,152,155,142,134,150,124,153,90,150,156,142,144,180,183,183,155,167,154,148,150,188,190,167,174,157,191,162,165,175,147,162,156,133,141,129,126,110,101,145,132,141,169,158,160,136,192,182,173,150,112,153,129,145,161,140,165,172,171,171,213,206,214,211,209,207,210,213,226,238,242,237,243,275,268,338,362,290,364,356,331,429,325,336,367,384,345,430,400,349,348,431,428,440,386,377,102,115,387,1,105,95,129,121,31,437,98,96,99
71,60,436,175,31,100,103,134,106,435,95,107,441,434,389,438,355,391,436,377,337,382,311,429,358,314,351,329,356,400,425,321,319,331,252,248,239,241,239,228,213,210,214,212,215,212,282,190,179,158,157,156,160,130,168,150,151,153,158,186,193,158,155,147,167,160,99,147,150,151,136,159,146,154,147,173,162,188,159,159,181,192,181,192,202,206,206,212,159,137,151,165,165,180,157,160,149,154,161,168,119,121,159,149,143,163,162,183,179,129,129,155,149,165,168,169,167,152,149,110,157,128,135,149,165,161,161
159,147,132,125,112,160,155,187,172,181,171,161,156,133,190,125,182,174,165,153,149,153,181,123,186,165,162,151,146,161,129,163,167,157,148,152,154,151,159,207,199,187,190,154,173,179,178,189,191,158,162,141,141,150,152,162,142,150,148,184,173,168,176,158,153,149,166,159,145,147,132,148,149,158,164,179,184,291,289,295,216,216,213,215,216,234,221,236,242,250,255,256,258,317,265,338,325,441,327,319,327,336,440,356,358,356,422,377,439,353,433,428,440,97,103,102,96,87,0,436,440,210,54,89,93,109,103
95,32,411,85,54,396,1,10,125,436,97,100,110,439,415,357,357,371,383,356,356,372,352,384,359,309,294,339,336,339,395,368,360,262,255,249,236,249,236,224,216,222,294,223,298,299,295,197,191,177,158,159,149,292,135,132,142,165,163,173,151,164,156,164,163,127,144,154,159,142,157,159,142,154,167,150,158,169,159,180,180,194,186,195,206,212,219,135,136,150,147,166,167,158,122,142,142,145,163,165,166,176,136,154,143,159,172,167,182,186,136,159,158,164,160,180,182,159,157,173,113,136,155,159,160,158,149
170,156,150,143,118,119,152,155,166,181,176,175,165,158,192,167,174,163,152,167,176,160,186,183,169,161,156,155,148,171,164,162,161,152,141,158,107,220,216,210,212,201,201,186,188,181,154,165,166,155,188,145,169,182,166,148,169,152,162,130,130,147,161,159,163,154,112,163,160,153,149,152,165,160,172,173,201,196,298,297,296,315,228,226,308,231,247,314,255,317,256,268,265,269,279,318,323,321,338,353,342,369,339,383,348,375,325,399,373,439,424,426,0,109,108,98,101,1,47,438,170,82,91,65,97,114,108
109,98,51,105,101,4,170,163,104,105,102,112,112,418,3,434,429,358,440,358,377,395,380,357,421,436,340,348,277,404,371,273,272,254,257,264,293,248,234,234,231,231,295,298,296,297,294,203,291,199,159,164,167,163,153,141,144,129,144,144,185,174,158,188,152,144,156,165,163,182,163,148,167,186,191,162,168,182,181,187,199,194,201,170,226,112,220,110,134,129,138,152,178,168,175,160,160,167,147,182,158,160,150,153,162,191,184,209,174,168,196,165,149,146,154,190,134,156,99,157,133,130,153,149,167,174,166
152,155,143,167,171,157,149,153,128,190,107,160,210,180,183,163,155,202,202,189,171,162,159,155,188,166,174,180,178,204,178,162,153,149,145,138,165,156,147,161,111,165,168,201,196,184,188,163,172,167,158,144,148,174,153,190,146,173,134,135,165,152,166,158,166,147,162,175,145,162,155,182,177,171,204,292,297,301,300,297,237,315,303,238,236,313,299,317,257,255,260,271,273,273,324,277,317,318,335,306,373,339,427,428,409,377,435,414,345,103,407,397,105,109,113,99,105,427,5,28,5,52,103,98,99,129,119
98,97,96,161,45,132,19,33,106,117,100,114,109,105,375,386,425,396,438,440,436,317,354,391,297,361,296,317,296,292,276,278,285,269,271,261,296,314,343,246,316,303,315,300,313,303,308,302,305,295,207,159,156,152,161,152,140,154,153,154,140,145,160,142,138,149,144,159,148,161,159,195,151,156,168,175,151,144,197,198,202,211,149,151,117,156,151,155,134,134,126,150,146,168,166,179,153,146,164,202,202,167,157,176,176,198,152,212,168,227,226,87,96,110,117,127,131,157,148,170,165,134,141,136,143,158,164
143,133,137,136,169,161,152,140,146,123,128,96,109,101,89,164,161,165,203,198,192,222,164,172,156,181,148,149,136,180,183,171,166,143,158,137,163,146,157,154,144,145,134,153,108,150,201,145,151,168,168,159,214,146,142,159,154,154,168,150,150,147,135,159,153,142,153,159,147,160,166,152,191,177,185,310,298,308,312,311,316,316,309,312,322,315,251,315,265,315,350,385,272,273,286,274,292,316,307,338,372,386,381,336,387,396,384,390,398,374,95,90,100,125,123,101,104,67,0,32,69,102,114,109,115,120,91
101,122,100,115,155,19,90,55,64,129,124,428,101,110,104,120,124,371,396,369,440,383,334,331,336,419,401,313,294,416,289,356,278,271,276,268,335,322,338,336,336,320,315,315,310,312,311,307,308,301,175,175,169,168,163,152,155,150,144,130,147,161,150,154,146,163,168,149,110,170,177,142,142,153,219,185,150,194,197,207,150,157,146,131,158,153,154,168,165,142,135,163,170,147,176,171,134,136,161,194,202,153,156,171,222,166,160,220,165,233,77,102,95,108,116,134,136,154,156,165,175,155,172,181,139,159,150
140,130,126,156,171,161,156,154,141,135,125,116,105,98,78,118,149,183,172,224,164,165,157,151,204,144,153,138,187,158,188,143,152,161,167,152,154,172,130,155,150,134,109,182,90,160,170,146,181,163,167,157,141,147,131,163,168,148,194,147,159,135,168,150,147,159,154,135,157,174,174,168,174,177,178,303,314,309,320,315,320,313,319,318,324,316,338,318,293,337,274,281,281,318,287,294,300,328,306,335,426,319,334,336,435,410,440,429,398,428,99,398,140,131,69,130,40,164,73,73,69,127,99,4,104,133,91
100,94,104,93,95,71,101,141,96,388,203,438,430,433,377,407,350,409,343,440,337,339,336,430,381,318,296,300,297,284,292,290,286,436,338,277,351,328,337,335,332,323,337,337,293,302,317,316,324,302,185,177,183,183,151,156,166,162,141,129,147,177,175,186,155,147,140,210,204,173,158,147,147,151,164,181,176,160,157,166,154,111,112,122,149,160,166,150,156,169,162,140,147,155,159,183,191,167,165,157,158,162,177,159,153,147,161,161,148,88,76,105,114,111,116,128,136,145,153,156,172,171,178,150,154,165,154
144,182,132,163,165,154,148,139,127,122,124,110,118,97,88,99,47,148,158,141,153,156,151,164,154,160,188,175,168,155,174,155,155,146,153,163,165,155,136,145,159,159,126,155,163,132,145,154,146,149,159,242,162,161,147,149,211,204,147,165,157,156,148,138,147,150,142,158,159,152,167,151,189,189,313,187,314,312,323,313,322,312,347,328,326,334,340,316,336,313,372,307,282,289,298,359,306,294,376,315,399,371,394,413,355,436,368,331,375,429,425,379,35,396,123,86,99,52,76,87,92,94,89,89,94,93,90
106,104,96,86,89,77,98,35,97,3,39,422,371,400,436,100,423,409,398,324,362,392,361,413,314,318,316,436,293,307,295,374,287,324,380,386,352,325,335,340,334,361,331,322,330,321,320,320,321,318,331,201,193,190,174,158,153,155,174,159,148,125,120,147,180,152,200,158,161,215,148,168,165,235,165,154,149,163,149,151,156,154,158,167,156,164,137,143,123,111,154,141,150,163,161,144,162,212,158,171,152,161,174,210,166,229,200,224,62,272,81,103,155,103,115,113,133,140,149,161,159,149,153,146,157,155,161
171,146,141,139,128,161,156,135,133,112,127,117,107,111,95,80,211,241,236,222,217,215,210,184,192,221,173,182,187,144,151,137,140,151,124,148,100,143,190,181,149,146,143,160,149,124,132,116,156,151,256,147,141,144,148,161,153,146,212,166,153,158,134,142,133,138,143,164,165,156,174,200,206,314,317,313,320,349,315,335,325,335,339,322,340,335,341,340,369,349,306,301,288,315,304,315,323,307,348,425,363,372,357,336,378,439,412,428,415,87,92,352,40,430,111,4,104,97,70,94,95,94,94,128,100,93,76
103,111,96,100,99,44,110,52,101,102,108,380,100,99,103,438,392,382,393,356,362,421,335,326,329,313,314,315,377,304,295,293,389,303,360,346,318,360,355,340,333,363,349,338,332,326,293,348,313,298,208,209,206,208,213,207,152,161,153,144,149,159,147,149,146,168,151,129,159,165,148,166,163,255,70,161,165,122,126,156,148,155,156,170,178,162,161,181,116,105,113,162,135,147,153,166,161,159,199,185,183,194,199,214,218,230,235,213,157,146,239,150,158,161,162,143,132,139,146,158,151,160,160,175,166,132,167
146,180,149,167,152,157,140,154,116,157,122,157,160,149,85,96,149,241,237,227,227,218,211,200,192,179,176,175,157,167,164,149,143,163,171,153,147,179,160,160,158,158,149,164,152,140,166,146,124,169,69,184,132,161,149,167,131,137,141,151,147,146,135,135,151,144,157,138,160,208,212,212,213,216,226,228,314,339,335,332,343,314,343,358,352,396,383,356,343,311,353,390,299,318,363,313,337,317,335,354,349,339,328,334,349,437,382,366,363,87,97,105,103,435,110,99,71,86,93,19,96,94,112,103,118,121,117
124,100,105,112,105,100,93,88,113,91,101,103,98,111,108,108,420,389,354,404,417,354,441,372,357,432,419,337,330,375,426,324,311,325,358,374,348,301,328,290,349,341,354,358,297,338,331,299,330,238,230,220,225,218,223,213,170,173,160,164,158,172,152,165,165,166,149,144,127,148,153,168,143,193,151,158,96,109,143,132,151,165,159,158,159,131,152,154,181,159,158,138,155,153,160,153,174,184,183,158,182,171,201,215,218,232,235,128,154,156,160,53,91,178,150,187,74,160,152,172,146,176,176,156,154,162,135
167,153,172,164,155,145,133,106,129,177,170,145,150,159,162,239,252,223,233,223,225,183,215,175,153,198,170,159,156,165,170,157,145,143,153,159,153,149,139,163,170,165,153,142,173,169,129,157,89,152,70,143,136,160,111,146,138,147,139,170,169,147,133,176,144,153,146,152,178,219,224,229,226,226,228,249,244,303,303,314,327,318,333,356,291,356,309,378,392,355,327,394,380,375,357,371,319,388,332,336,339,337,355,376,433,353,365,365,440,108,105,97,114,108,90,93,96,95,98,100,95,96,96,101,132,135,130
98,126,117,123,127,114,92,105,92,79,91,103,116,116,94,102,108,114,366,367,428,398,425,411,391,343,336,370,360,321,339,340,340,329,351,312,357,303,291,363,354,343,288,319,308,397,316,302,292,254,230,227,248,231,227,217,153,175,168,158,157,148,143,178,165,183,153,150,159,158,158,142,185,69,56,64,151,159,144,138,143,140,153,155,148,123,135,146,131,134,142,152,154,130,160,154,155,171,162,163,164,168,164,216,179,156,220,157,152,157,153,170,153,157,163,128,116,147,140,149,160,167,158,169,191,196,158
182,147,160,153,148,147,145,139,121,118,107,155,150,160,155,148,109,218,228,160,157,185,190,165,166,181,162,163,169,142,141,133,173,147,131,129,152,154,137,161,146,155,156,140,139,129,143,119,139,73,88,222,193,162,130,157,132,135,162,133,149,144,133,146,158,181,177,192,209,195,229,232,235,234,245,250,243,296,269,314,337,315,362,374,362,362,300,316,304,317,347,387,332,318,325,337,323,361,398,337,345,346,421,372,348,355,369,426,99,102,88,119,119,111,100,94,94,92,105,122,134,130,89,130,140,133,137
135,139,89,114,141,75,111,103,84,136,101,100,110,114,92,95,101,115,138,368,393,364,441,350,353,354,357,343,323,354,334,378,423,333,355,393,336,336,319,323,341,342,375,349,330,287,314,262,234,245,230,246,247,246,209,230,207,215,161,161,157,171,144,164,148,163,148,155,149,133,135,155,161,171,76,133,150,166,120,144,132,143,143,167,149,157,130,147,154,130,136,149,156,154,159,149,156,174,156,163,174,179,181,213,156,213,217,165,159,156,166,153,150,156,160,148,114,136,141,148,151,163,145,173,169,189,179
188,166,167,162,160,154,147,168,150,150,189,177,178,161,161,127,173,159,158,204,210,204,193,192,206,179,162,154,146,152,172,148,188,178,155,134,143,152,138,135,134,136,156,146,132,158,132,172,155,131,143,203,169,160,154,122,149,152,131,139,137,136,147,169,177,156,170,188,216,242,239,274,244,256,242,254,245,269,269,269,302,314,337,316,329,356,351,338,341,374,324,333,336,322,339,336,364,317,345,366,342,350,358,412,370,417,425,117,100,87,99,97,113,103,90,111,114,126,73,83,84,91,102,97,155,78,87
156,106,102,107,145,69,64,94,120,124,132,94,117,116,99,440,99,110,359,376,434,428,355,426,357,409,351,356,356,354,356,326,315,395,335,337,395,380,317,317,333,307,337,321,292,287,277,275,255,247,248,255,255,250,248,246,244,178,174,185,186,156,150,154,141,141,131,130,131,146,149,163,159,146,148,161,154,178,141,135,148,149,134,131,146,168,159,130,132,146,147,133,184,176,153,155,133,149,155,171,174,202,198,210,222,232,217,140,145,153,159,151,160,169,153,149,157,177,135,168,161,155,161,173,184,196,184
198,188,187,159,159,162,172,161,152,141,141,174,152,157,153,158,159,156,149,184,219,205,152,181,174,171,151,146,144,159,191,177,178,160,166,161,153,140,124,180,150,138,142,144,150,140,157,125,122,135,163,158,171,160,170,147,139,131,146,161,158,148,145,149,193,191,197,186,202,256,252,237,241,252,256,254,265,273,268,276,297,273,340,316,304,316,339,436,316,316,339,327,370,400,341,371,360,361,343,358,359,378,372,359,438,404,416,107,103,93,93,92,93,90,94,153,94,101,81,75,85,167,102,90,83,166,161
90,122,163,158,83,153,112,106,80,91,105,89,100,100,128,397,418,126,441,426,432,379,362,392,369,352,441,363,354,387,339,434,338,317,413,329,335,342,358,310,359,329,292,315,293,298,289,277,276,262,275,273,252,261,258,255,211,205,248,201,199,156,151,159,162,149,132,144,149,154,160,167,174,171,184,147,145,166,159,148,174,173,162,153,150,156,157,143,156,158,153,169,176,188,192,155,199,150,144,173,166,150,167,154,168,156,153,169,164,186,184,195,155,151,147,192,151,131,154,150,161,171,174,194,189,210,134
199,186,185,169,151,130,154,133,129,165,188,155,143,165,163,150,145,158,210,184,191,181,148,150,154,133,150,163,191,200,154,182,168,143,192,147,149,136,167,172,147,143,129,183,109,180,172,161,156,191,193,179,178,178,150,141,149,123,156,158,160,156,172,160,254,248,252,250,266,255,275,258,283,287,282,277,288,316,288,315,307,319,323,317,323,383,375,335,302,392,338,336,344,377,364,439,382,359,361,382,375,371,372,387,429,432,399,426,403,386,96,111,112,94,76,114,86,101,119,117,133,150,100,122,172,100,174
180,174,179,155,160,188,128,89,91,85,76,101,115,117,128,422,436,413,392,399,375,426,430,373,375,367,372,423,405,403,353,355,342,341,348,319,365,339,321,341,305,339,335,331,292,323,294,299,295,296,284,277,286,269,273,260,269,266,265,254,253,287,169,181,178,241,235,284,140,160,154,176,155,191,141,201,204,217,228,91,200,120,129,136,133,156,175,173,138,154,159,150,170,197,156,159,157,138,150,176,155,159,168,187,147,152,207,151,137,111,117,153,135,149,157,169,169,146,144,166,151,164,169,179,197,194,205
187,165,169,179,171,159,147,151,147,116,159,150,161,155,138,116,127,181,175,142,149,141,136,185,151,148,166,149,142,146,153,152,148,132,197,184,177,169,171,148,163,136,147,115,112,93,218,218,216,200,198,189,198,259,258,272,258,255,239,255,256,260,256,255,257,259,260,262,271,268,273,292,287,276,280,293,278,275,283,314,284,335,345,359,343,357,362,317,346,300,339,333,350,361,410,372,398,376,348,374,384,384,439,396,415,398,432,87,440,436,404,122,120,115,96,97,103,91,144,138,161,187,166,189,92,183,85
97,82,173,91,91,148,96,113,103,122,115,116,84,89,156,78,133,90,410,408,397,372,382,365,374,368,363,355,429,364,357,406,353,352,357,350,337,330,436,353,315,329,293,364,291,320,290,288,291,284,285,281,293,306,295,301,276,275,260,282,261,260,258,301,277,301,294,277,303,279,261,279,262,277,207,210,203,235,113,111,152,138,133,148,152,165,173,160,158,191,197,207,152,153,145,174,221,192,136,133,156,164,167,181,189,155,195,157,158,152,145,153,160,174,155,124,145,144,156,172,158,160,165,176,178,194,186
211,165,169,154,148,163,171,157,167,118,155,156,150,157,194,179,182,159,151,151,150,145,173,156,150,137,143,242,111,221,169,145,215,202,211,195,191,177,153,164,167,142,150,141,122,116,84,92,87,260,255,305,277,281,283,259,300,283,300,311,294,288,307,263,284,303,298,278,302,279,282,297,288,283,282,295,353,315,307,314,287,312,316,319,302,374,353,355,342,357,345,412,361,330,355,412,389,419,360,369,437,381,364,375,401,379,96,92,92,84,92,100,142,124,124,125,89,89,128,157,172,86,93,84,108,198,196
106,97,105,85,92,104,124,79,124,119,127,114,414,96,89,108,93,89,103,416,437,435,377,425,355,376,378,368,416,371,373,369,359,379,357,349,360,340,317,367,342,398,300,351,335,329,292,305,289,299,282,286,285,275,282,294,301,277,280,269,285,314,312,298,296,306,303,275,317,292,279,280,301,301,278,44,56,64,100,113,143,139,163,155,162,174,175,187,184,193,198,109,223,136,155,126,219,131,147,170,147,176,149,160,156,170,173,162,173,170,155,164,173,148,153,169,166,179,165,156,137,155,161,168,181,154,184
152,158,147,155,189,142,139,179,153,160,160,138,145,165,173,157,154,150,143,174,168,142,140,159,161,149,144,135,150,159,158,140,129,111,149,159,152,181,186,187,191,178,174,170,140,148,140,97,87,309,284,306,315,304,301,310,321,279,324,308,300,309,313,306,316,302,277,280,278,301,304,297,285,303,301,298,313,311,299,317,304,320,340,313,355,338,334,332,369,307,344,361,386,430,439,394,416,394,410,376,382,400,387,440,399,417,92,93,85,109,115,110,86,122,136,104,95,93,147,102,88,85,98,93,72,226,197
86,71,83,83,76,76,144,85,95,110,148,108,94,94,102,95,84,87,99,107,370,88,400,436,411,380,362,409,364,362,396,372,362,344,359,369,331,370,386,354,354,340,355,355,297,324,332,331,319,315,335,301,287,322,290,282,281,279,281,320,324,315,309,317,302,328,304,158,151,311,306,148,306,323,307,46,72,129,93,147,124,185,143,154,156,186,153,195,147,155,154,156,158,145,153,142,146,129,165,150,150,173,175,158,157,178,149,192,145,170,131,141,131,156,157,170,160,171,152,171,148,169,134,160,160,148,108
149,160,151,134,145,146,147,169,197,160,181,144,136,134,131,134,153,204,148,151,172,183,188,175,155,151,146,163,167,163,167,146,150,167,135,133,109,140,140,176,168,156,164,145,115,157,128,116,86,75,89,306,322,324,317,311,322,305,316,306,318,319,299,309,318,309,300,305,297,306,308,308,322,302,309,309,319,322,328,315,336,310,321,321,324,334,421,378,341,368,360,366,360,357,383,426,381,397,388,383,395,401,94,434,105,115,100,94,74,117,98,87,102,137,145,87,86,98,93,84,78,87,89,69,84,78,77
84,99,92,89,80,75,36,94,89,128,115,116,142,90,76,85,71,122,99,110,96,420,409,409,390,440,394,373,409,438,352,356,355,370,369,356,389,360,349,398,345,375,394,333,330,335,371,327,328,307,328,311,289,312,287,297,327,304,331,338,324,320,330,319,307,320,333,335,330,318,324,322,316,319,97,103,112,121,120,147,164,159,141,165,160,147,155,143,147,121,136,144,151,192,167,150,137,149,155,147,147,174,178,186,180,191,203,160,159,172,164,152,160,167,177,184,181,152,148,138,139,155,158,149,150,175,177
140,141,143,152,151,145,152,151,142,192,174,159,152,154,142,166,154,156,147,141,159,188,170,172,161,151,178,152,138,140,148,160,149,142,140,115,146,156,160,183,137,123,129,155,161,126,132,132,158,96,116,134,151,333,148,329,340,335,334,327,323,325,316,332,337,340,338,312,333,306,307,346,316,310,307,315,337,329,350,327,351,355,354,352,354,414,347,331,347,428,362,425,392,390,376,391,404,405,396,441,395,385,96,94,100,109,116,117,95,93,98,99,131,123,130,129,94,86,81,49,68,82,97,86,96,90,94
84,96,87,82,61,72,72,92,154,89,162,153,100,81,91,115,96,153,89,125,113,379,97,407,406,370,394,440,392,395,410,386,410,329,394,352,366,338,341,353,352,363,349,353,406,343,330,336,332,311,334,322,327,305,328,306,328,321,330,317,333,330,323,332,324,337,336,339,332,321,323,327,327,149,125,148,158,152,145,157,160,140,121,139,123,195,154,165,138,157,135,140,141,146,142,155,130,140,156,167,149,174,164,188,151,151,150,129,145,132,145,165,159,165,162,179,133,143,143,179,180,119,130,151,138,148,157
162,142,141,144,150,163,167,150,199,180,182,161,158,152,158,139,145,126,111,118,108,146,217,148,194,183,169,143,125,119,153,148,150,134,148,152,127,176,167,156,150,126,136,155,145,143,166,152,148,149,140,117,150,146,333,331,335,336,333,332,319,326,338,333,354,349,350,307,364,308,317,310,316,324,328,330,333,336,361,352,352,350,356,311,365,354,360,328,378,339,369,400,361,366,437,354,420,394,432,391,412,84,100,2,440,121,77,88,83,87,94,122,102,440,4,12,84,86,90,71,92,81,83,86,99,109,106
84,113,103,97,79,100,93,93,83,172,182,3,101,85,10,92,92,79,87,418,416,440,97,91,412,95,406,384,372,424,400,373,366,376,353,369,351,359,435,361,347,358,371,332,351,358,349,330,347,337,329,321,327,341,329,346,353,359,324,331,330,308,346,339,348,337,335,343,328,343,328,350,146,138,152,143,145,173,170,168,137,131,146,145,160,174,151,175,139,147,196,148,145,133,164,155,140,149,155,165,162,206,201,102,116,119,123,118,133,151,155,155,157,171,165,187,139,204,202,139,149,158,156,164,159,174,144
147,168,152,154,141,138,179,198,142,185,147,177,161,170,164,149,150,143,142,122,118,162,160,183,184,158,168,156,156,154,142,138,144,168,167,157,195,126,118,115,173,140,143,131,164,141,138,143,151,149,154,155,140,355,344,345,336,357,351,353,336,354,348,357,342,351,372,336,383,377,328,352,356,350,334,341,360,429,340,355,358,375,337,383,354,335,437,367,372,378,434,387,396,390,379,422,408,373,91,436,90,94,113,428,144,123,95,69,75,94,90,93,107,45,31,70,80,80,98,99,86,104,131,120,124,116,85
107,132,115,80,85,86,114,100,87,76,21,35,98,84,88,89,89,93,100,56,119,119,99,84,96,89,67,425,409,376,367,388,370,396,360,374,372,372,328,427,369,352,369,373,368,366,379,356,350,336,351,379,327,377,349,366,349,342,329,353,351,336,380,356,358,356,349,366,355,350,356,353,139,177,149,152,134,117,146,150,142,138,141,151,181,225,153,196,135,198,202,211,154,160,157,133,141,174,152,173,178,148,202,170,220,126,136,157,155,146,159,161,170,176,178,192,137,149,143,164,160,146,146,169,165,162,151
162,145,143,145,146,159,152,150,144,135,151,141,139,152,109,151,155,148,151,137,161,143,147,150,149,164,166,153,147,133,117,151,168,220,213,205,207,203,143,184,111,161,165,130,136,147,130,150,149,134,170,172,150,150,152,354,346,355,350,348,370,357,339,350,357,352,353,352,373,373,373,392,338,371,350,363,329,352,379,368,357,409,385,429,355,437,424,385,349,384,391,441,392,437,440,441,359,394,95,91,99,102,106,121,122,86,83,84,68,83,105,95,101,44,69,91,69,110,85,80,90,85,129,116,183,83,90
80,134,86,96,88,68,59,69,96,91,71,61,122,115,84,97,76,74,86,138,107,106,98,105,100,103,92,91,407,409,431,368,435,432,353,440,351,367,340,408,379,360,347,367,352,357,350,399,367,355,328,368,358,350,368,353,352,367,397,363,369,345,358,360,350,359,376,354,370,356,346,171,190,157,167,145,149,112,117,135,141,154,168,130,176,89,150,130,241,217,218,215,113,105,115,129,152,138,140,165,163,137,153,166,164,187,135,145,152,164,161,123,135,132,141,151,165,160,154,128,138,148,157,171,176,145,168
150,162,157,146,133,137,138,154,103,169,173,128,137,135,139,101,160,140,140,185,186,164,144,181,182,160,147,141,131,134,125,138,164,142,145,161,125,158,162,180,128,158,135,146,156,126,139,118,146,152,220,147,150,154,173,357,361,372,382,370,356,362,376,354,356,353,415,395,398,421,379,350,361,364,339,350,372,351,394,370,349,407,413,396,357,393,416,436,429,408,361,421,357,389,396,438,431,95,95,106,113,86,100,99,114,162,85,87,93,105,101,126,128,83,92,90,79,72,84,98,76,80,150,126,150,73,140
152,85,147,90,88,83,91,92,98,97,91,84,119,118,115,61,91,67,55,90,115,118,114,86,106,429,422,94,428,90,74,436,431,369,374,435,357,399,405,434,392,407,395,357,436,397,369,360,350,348,348,440,389,363,357,391,434,395,390,357,353,377,380,408,391,415,340,377,362,377,368,155,173,177,177,147,114,141,129,152,149,129,154,168,166,158,156,171,177,136,139,144,159,165,152,119,139,155,156,169,165,130,138,156,146,155,134,154,144,104,116,115,131,137,159,165,114,120,136,147,139,144,154,141,141,153,145
154,135,121,140,121,143,167,164,152,144,149,138,148,143,144,121,152,164,165,162,153,143,145,159,136,144,167,151,112,137,173,159,156,149,147,133,140,145,136,152,147,156,173,152,122,144,142,145,159,152,158,143,273,149,301,378,388,367,377,344,377,370,380,372,375,354,435,349,359,389,411,385,362,395,415,426,374,371,356,394,373,426,440,434,357,439,407,392,396,437,392,331,367,356,52,84,96,92,70,60,91,122,85,104,94,89,75,66,80,65,82,131,92,79,86,103,89,94,100,93,108,97,153,88,83,165,79
88,84,98,95,76,87,100,95,77,93,76,82,89,97,78,90,87,85,83,84,103,88,96,89,127,84,78,74,86,439,398,428,368,429,350,392,369,355,435,415,423,385,409,428,409,372,351,389,351,359,368,434,391,373,379,371,395,429,408,381,370,430,385,360,312,371,315,319,421,235,295,277,147,149,144,182,178,152,147,120,132,149,145,186,171,145,149,174,133,135,147,171,174,179,152,115,137,150,149,157,156,162,150,156,144,169,162,135,150,132,136,149,154,145,145,165,163,176,168,97,133,139,150,116,163,148,155
136,121,118,180,180,160,163,147,150,159,154,150,168,150,149,147,120,140,143,164,168,155,147,136,154,141,128,147,147,129,141,145,165,153,150,143,135,156,156,137,172,136,128,147,139,155,153,136,145,172,188,149,161,137,308,317,305,351,347,344,370,441,383,381,378,431,423,425,372,371,376,397,382,395,392,350,432,375,351,440,434,421,386,435,388,372,439,411,438,398,436,394,408,390,421,74,87,111,94,79,130,81,114,104,91,80,78,86,93,84,83,91,100,96,94,91,115,107,84,106,79,93,103,155,84,95,99
177,87,102,115,96,104,80,114,93,126,115,117,80,126,99,100,92,80,74,76,90,103,112,89,130,92,87,105,86,73,407,407,406,421,389,435,407,434,422,437,399,400,367,406,410,373,385,438,408,416,411,379,362,393,370,358,393,420,436,378,436,399,425,366,293,284,312,313,313,392,310,178,170,154,146,173,167,136,157,130,136,152,145,135,145,152,150,166,131,166,161,170,168,172,150,136,148,126,133,146,162,140,140,184,180,174,196,191,149,136,146,171,181,132,143,151,148,155,158,172,175,185,184,130,135,157,141
146,139,110,141,156,166,169,156,151,202,153,160,190,147,145,202,212,202,161,146,146,180,152,156,153,147,134,133,120,167,136,184,185,160,153,146,107,161,161,145,158,122,112,149,103,133,144,142,151,159,162,148,162,291,317,313,318,314,314,314,288,273,339,394,329,393,392,406,433,424,391,393,427,437,433,388,398,387,409,322,429,387,440,394,401,407,334,360,403,432,3,438,420,441,88,387,93,80,100,97,107,82,116,101,102,89,89,92,87,100,114,88,132,84,83,126,131,120,118,102,102,95,84,81,89,106,108
96,97,81,137,114,79,129,134,132,102,81,134,97,82,88,128,126,84,76,115,154,82,95,105,95,100,108,95,101,106,441,435,410,412,401,387,435,424,410,436,441,426,370,411,322,411,409,392,378,375,436,440,410,439,421,439,408,427,411,440,409,340,318,320,314,318,323,318,331,321,188,190,168,172,185,161,155,163,149,143,141,109,135,145,169,154,164,124,163,132,153,151,139,158,146,149,150,141,138,146,135,145,180,187,147,159,200,173,139,156,143,169,153,126,158,146,157,166,171,180,133,127,139,147,152,156,148
149,143,138,120,122,178,169,160,145,144,128,145,148,145,162,161,157,142,148,142,191,162,150,143,149,141,145,135,133,143,175,139,129,141,132,129,121,116,161,130,89,107,128,111,148,147,152,154,164,174,171,174,179,194,201,333,341,329,310,279,357,311,328,437,347,434,377,361,341,407,336,435,359,436,380,349,402,395,426,392,440,419,439,387,373,395,428,436,438,383,59,441,88,440,90,94,97,85,95,101,105,97,99,109,88,87,86,92,89,129,93,87,84,144,88,143,87,135,141,138,145,83,147,103,84,95,84
80,77,81,141,145,144,140,147,146,88,64,89,96,95,84,81,123,92,86,90,85,90,84,127,112,101,106,85,105,99,437,86,392,440,424,393,438,421,436,399,441,420,408,429,352,438,383,414,436,439,410,337,382,325,425,431,391,415,409,311,295,331,418,314,315,317,323,326,274,207,204,200,193,181,171,181,173,157,147,145,131,117,138,110,143,139,140,158,115,129,136,128,135,144,143,165,137,160,157,160,147,142,169,190,195,133,143,149,159,147,155,154,158,128,138,157,151,170,175,185,99,139,148,161,137,164,150
155,160,156,137,191,183,185,146,148,147,128,134,154,159,140,150,164,145,154,137,143,199,189,150,167,166,166,132,141,144,131,145,133,132,145,139,121,141,151,137,99,98,117,113,139,149,159,169,180,169,184,185,187,192,207,209,346,292,308,313,327,293,360,294,378,428,355,297,405,314,366,356,431,365,377,422,362,385,369,417,377,441,428,441,388,387,435,425,378,391,93,403,94,81,84,107,92,83,85,123,120,113,125,90,80,78,74,87,93,104,72,105,88,178,75,161,92,149,152,149,151,86,84,179,82,75,86
90,67,78,156,159,85,156,108,83,127,163,87,112,92,98,85,84,78,94,93,145,133,133,135,130,123,91,98,89,440,91,228,395,86,83,436,401,419,426,429,406,426,336,373,408,406,410,424,426,378,424,386,360,420,371,389,326,331,310,326,369,300,312,334,310,326,309,302,315,200,192,206,196,197,190,192,172,160,153,139,129,134,117,113,103,132,124,185,133,143,147,129,145,159,159,147,160,170,170,121,152,145,162,120,119,145,156,150,158,127,158,149,141,128,124,144,147,159,161,148,156,143,183,154,146,204,171
146,147,149,136,181,166,165,147,163,146,136,134,160,131,136,125,125,149,160,151,134,134,146,138,151,131,165,157,172,144,155,151,108,162,130,148,161,147,152,141,123,109,120,135,151,147,155,152,170,171,190,193,203,293,214,294,219,295,226,356,337,314,346,313,430,315,388,293,346,431,402,373,287,428,379,400,433,375,438,370,363,397,425,438,379,412,438,437,431,37,432,382,96,89,89,370,93,91,86,128,135,131,143,132,87,88,88,70,67,123,86,78,65,114,123,71,168,108,165,156,166,86,76,81,86,98,83
81,75,168,174,167,165,158,82,87,88,168,80,94,82,95,90,85,75,52,88,83,139,137,138,138,117,99,98,85,88,112,39,97,438,81,55,419,415,422,420,411,30,394,396,441,359,439,420,405,387,380,336,354,367,397,359,336,420,337,343,312,411,331,316,333,229,309,295,294,304,291,305,207,182,207,158,155,149,149,146,148,124,145,111,133,148,158,127,135,167,163,133,135,136,147,135,139,156,197,175,147,138,136,156,170,153,166,145,131,135,134,158,156,146,158,150,196,171,176,149,158,142,155,175,158,156,165
143,135,148,144,131,160,156,185,170,141,147,144,150,155,152,160,131,127,140,164,168,149,128,118,137,136,166,147,147,139,113,138,154,159,141,133,148,141,155,142,128,153,128,130,141,149,155,167,164,153,163,294,298,208,312,356,303,295,323,299,234,294,341,297,386,316,339,314,315,315,291,362,415,362,382,377,389,370,411,437,394,426,436,435,390,408,439,395,391,428,429,101,99,107,93,115,52,124,88,145,90,147,106,85,88,90,83,63,95,92,83,55,82,80,77,84,95,90,74,169,86,78,96,92,104,121,79
97,74,171,80,75,75,97,93,81,76,137,85,83,64,77,78,60,66,74,87,154,97,153,154,83,75,78,88,128,83,116,75,92,425,93,85,438,438,92,424,441,403,440,378,369,386,422,397,390,433,405,383,405,382,400,284,337,418,336,313,330,313,336,313,334,316,312,372,310,305,312,305,292,176,172,294,293,164,153,157,147,143,128,111,105,172,140,136,139,163,151,160,157,131,132,142,137,168,178,134,139,109,117,132,140,143,131,149,137,150,158,138,147,135,143,172,182,195,155,146,140,127,138,165,160,176,165
146,133,147,138,128,134,147,144,193,160,154,140,163,162,161,156,171,136,160,140,135,128,148,149,149,140,135,146,151,128,139,107,122,115,169,174,143,152,137,105,133,127,120,129,143,148,158,166,162,172,291,294,291,309,300,312,313,313,322,317,307,356,330,334,440,318,323,350,347,317,424,435,359,398,352,326,362,437,364,336,422,401,40,7,387,429,294,398,109,436,424,322,439,114,86,73,94,80,90,97,82,92,100,165,78,77,92,81,83,125,89,94,85,80,85,148,190,103,111,83,70,79,85,78,81,125,76
114,103,234,82,71,72,98,78,183,155,152,153,68,73,71,78,90,78,78,85,66,84,84,169,79,96,89,103,90,89,82,394,424,48,125,385,4,2,354,166,410,368,377,434,391,404,408,438,375,408,404,387,395,321,356,406,381,404,401,275,334,317,351,341,292,286,333,259,288,312,306,296,291,293,187,180,169,176,165,155,143,137,144,132,109,139,129,147,157,136,175,118,133,139,143,152,147,150,139,152,141,135,150,142,144,143,156,145,138,133,154,146,133,145,141,179,195,158,153,155,156,148,140,160,157,171,162
142,144,140,128,133,152,146,200,136,181,189,167,154,152,133,133,143,134,154,166,148,136,163,135,140,139,148,142,147,136,156,128,138,177,184,164,144,156,134,123,131,147,152,131,148,156,165,153,176,187,196,191,301,300,307,312,314,312,341,268,337,294,384,354,324,313,323,293,299,273,339,341,342,383,316,441,437,392,434,45,412,437,380,439,434,432,110,437,90,413,95,9,84,2,0,21,90,87,92,86,77,171,88,179,74,72,82,88,89,97,83,81,90,92,158,164,92,205,89,81,79,87,79,125,127,105,105
116,80,72,77,75,78,67,92,88,87,163,156,77,85,78,79,79,72,84,80,64,89,172,90,85,85,107,108,84,93,431,86,9,371,101,88,404,435,410,107,342,431,364,409,413,437,416,437,410,385,356,338,370,415,354,287,307,302,340,415,336,316,346,364,292,356,317,348,314,320,314,203,308,197,190,188,167,170,168,158,161,142,144,171,146,158,127,159,151,142,173,190,181,136,147,135,123,162,155,137,139,138,140,134,138,147,130,129,143,142,161,147,165,153,157,170,139,209,205,155,131,140,140,157,145,173,162
120,151,148,139,159,116,208,179,179,160,141,142,128,157,133,141,133,130,141,160,165,139,155,135,125,162,159,147,148,137,140,135,186,188,172,145,156,155,148,226,222,146,144,150,155,166,164,173,179,197,195,308,308,313,315,311,325,324,379,360,317,315,355,317,336,418,345,379,359,293,331,314,314,437,439,376,381,436,436,426,164,364,423,380,308,386,107,435,438,427,437,88,95,86,92,86,82,89,102,84,90,90,83,149,77,81,83,82,82,80,75,81,95,139,106,84,73,94,77,69,75,71,82,78,129,147,75
124,77,66,69,62,92,79,92,79,71,235,100,88,88,103,98,91,97,76,76,63,75,81,86,75,95,86,74,78,97,84,113,84,78,84,8,419,376,441,382,352,93,398,421,435,421,393,323,439,417,420,368,302,328,408,436,438,357,340,337,333,299,276,371,314,302,313,340,334,316,210,209,309,317,311,313,311,178,170,171,164,275,206,228,231,228,93,109,149,176,132,132,179,152,130,143,154,143,160,174,132,140,140,141,167,134,152,147,158,158,127,149,150,146,156,174,176,188,184,214,133,153,149,127,121,146,138
142,142,103,141,139,148,191,185,187,124,182,135,164,139,142,138,112,176,151,137,143,160,110,155,89,222,125,160,155,152,144,154,167,123,152,126,142,114,140,231,246,231,246,286,283,184,173,171,180,332,285,315,315,311,336,336,223,293,318,325,319,313,356,300,265,337,419,295,351,370,306,337,393,420,312,315,429,403,363,363,421,437,391,361,433,358,377,365,440,396,21,159,158,86,93,103,102,123,80,87,77,86,138,80,83,188,97,106,97,106,92,78,83,99,76,76,63,75,189,211,90,71,70,76,135,164,144
143,63,65,152,90,189,93,214,70,69,79,68,107,118,111,115,110,95,189,189,200,77,211,101,78,125,121,89,97,88,89,90,144,83,11,429,77,16,111,440,432,418,87,375,368,413,441,359,364,431,367,389,428,419,370,370,392,424,312,394,332,301,389,287,268,318,346,299,312,337,312,319,312,313,327,307,290,290,292,294,271,297,249,242,253,127,130,142,133,144,148,166,171,172,164,138,139,138,134,134,139,129,118,134,144,145,159,136,139,138,144,152,147,149,140,180,178,196,200,147,203,146,115,120,127,136,138
117,120,118,145,102,157,212,199,194,182,186,123,174,143,144,135,123,124,137,140,147,123,133,159,153,151,130,202,149,128,146,165,178,167,134,126,120,111,151,131,243,252,143,270,260,271,293,296,294,291,321,296,320,329,339,336,326,274,320,313,327,336,339,354,399,272,362,313,401,369,372,335,374,405,432,420,397,369,379,436,383,380,389,382,420,435,102,389,1,400,31,428,79,88,77,88,84,66,79,75,136,80,77,82,76,128,91,77,75,142,67,76,92,118,188,124,129,115,69,101,95,88,82,57,73,143,76
